,f1,precision,recall,auc
LightGBM,0.9798504045183941,0.9749392466585662,0.9848112918073029,0.7159118762607326
GraphSAGE,0.9500866005353488,0.9757438551099612,0.9257440932801473,0.7204791101928024
CHRONOS-Net,0.9852762598664238,0.9749173926103936,0.9958576250383553,0.7239310893275063
