class,count,percentage
licit,4545,2.2304668521708404
illicit,42019,20.62089915541618
unknown,157205,77.14863399241297
