label,illicit_ratio_mean,illicit_ratio_std,degree_mean,degree_max
illicit,0.7802496120875516,0.4101828920722869,3.095218829577096,473
licit,0.26798679867986797,0.42976332540873635,2.0116611661166117,177
