batch_size,p50_ms,p95_ms,p99_ms,throughput
1,0.061400001868605614,0.08599496213719249,0.09703192510642113,15100.949547554352
10,0.23719994351267815,0.31851497478783125,0.38194799795746803,40065.54676345133
100,0.4983500111848116,0.6002250243909657,0.7156779605429631,201966.7524455856
1000,4.530949983745813,5.927490076282993,6.437243967084217,226797.5863405593
