batch_size,mean_ms,p95_ms,p99_ms,throughput_per_sec
1,18.99257299141027,19.674664951162413,20.52358592976816,52.65216042356493
10,19.393162002088502,20.78911503776908,21.681486018933363,51.56456692788454
100,18.958111004903913,19.76029503857717,20.37666401593015,52.7478713328205
1000,18.884254000149667,19.59220005082898,20.233739028917626,52.95417017754975
10000,19.140137997455895,20.440094935474917,20.81957295536995,52.246227280750006
