{
  "Random Forest": {
    "f1": 0.9846574510101778,
    "precision": 0.9750300842358605,
    "recall": 0.9944768333844738,
    "auc_roc": 0.6233398272603314
  },
  "XGBoost": {
    "f1": 0.9811723454531596,
    "precision": 0.9750037873049537,
    "recall": 0.9874194538201903,
    "auc_roc": 0.6946702894669472
  },
  "CHRONOS-Net": {
    "f1": 0.9867414198045307,
    "precision": 0.9747043855710223,
    "recall": 0.9990794722307457,
    "accuracy": 0.9738298190518917,
    "auc_roc": 0.3578765040279898,
    "auc_pr": 0.9674633159513761
  }
}